source,medium,sessions,purchase_sessions,conversion_pct
dealspotr.com,referral,528,40,7.58
mail.google.com,referral,1457,62,4.26
groups.google.com,referral,1025,38,3.71
google,cpm,496,17,3.43
phandroid.com,referral,222,6,2.7
(direct),(none),371467,8742,2.35
dfa,cpm,5686,124,2.18
google,cpc,13078,243,1.86
l.facebook.com,referral,795,13,1.64
yahoo,organic,1478,22,1.49
ask,organic,270,4,1.48
sites.google.com,referral,2983,42,1.41
bing,organic,1529,21,1.37
plus.google.com,referral,524,5,0.95
google,organic,227668,2079,0.91
facebook.com,referral,2296,20,0.87
seroundtable.com,referral,126,1,0.79
duckduckgo.com,referral,207,1,0.48
t.co,referral,1529,7,0.46
siliconvalley.about.com,referral,2097,6,0.29
docs.google.com,referral,388,1,0.26
m.facebook.com,referral,3365,6,0.18
google.com,referral,4669,5,0.11
quora.com,referral,1546,1,0.06
reddit.com,referral,2022,1,0.05
Partners,affiliate,16403,9,0.05
youtube.com,referral,212602,11,0.01
optimize.google.com,referral,175,0,0.0
blog.golang.org,referral,742,0,0.0
google.co.uk,referral,194,0,0.0